data,filename
brism.us/qr/100,brism.us-qr-100.png
brism.us/qr/101,brism.us-qr-101.png
brism.us/qr/102,brism.us-qr-102.png
brism.us/qr/103,brism.us-qr-103.png
brism.us/qr/104,brism.us-qr-104.png
brism.us/qr/105,brism.us-qr-105.png
brism.us/qr/106,brism.us-qr-106.png
brism.us/qr/107,brism.us-qr-107.png
brism.us/qr/108,brism.us-qr-108.png
brism.us/qr/109,brism.us-qr-109.png
brism.us/qr/110,brism.us-qr-110.png
brism.us/qr/111,brism.us-qr-111.png
brism.us/qr/112,brism.us-qr-112.png
brism.us/qr/113,brism.us-qr-113.png
brism.us/qr/114,brism.us-qr-114.png
brism.us/qr/115,brism.us-qr-115.png
brism.us/qr/116,brism.us-qr-116.png
brism.us/qr/117,brism.us-qr-117.png
brism.us/qr/118,brism.us-qr-118.png
brism.us/qr/119,brism.us-qr-119.png
brism.us/qr/120,brism.us-qr-120.png
brism.us/qr/121,brism.us-qr-121.png
brism.us/qr/122,brism.us-qr-122.png
brism.us/qr/123,brism.us-qr-123.png
brism.us/qr/124,brism.us-qr-124.png
brism.us/qr/125,brism.us-qr-125.png
brism.us/qr/126,brism.us-qr-126.png
brism.us/qr/127,brism.us-qr-127.png
brism.us/qr/128,brism.us-qr-128.png
brism.us/qr/129,brism.us-qr-129.png
brism.us/qr/130,brism.us-qr-130.png
brism.us/qr/131,brism.us-qr-131.png
brism.us/qr/132,brism.us-qr-132.png
brism.us/qr/133,brism.us-qr-133.png
brism.us/qr/134,brism.us-qr-134.png
brism.us/qr/135,brism.us-qr-135.png
brism.us/qr/136,brism.us-qr-136.png
brism.us/qr/137,brism.us-qr-137.png
brism.us/qr/138,brism.us-qr-138.png
brism.us/qr/139,brism.us-qr-139.png
brism.us/qr/140,brism.us-qr-140.png
brism.us/qr/141,brism.us-qr-141.png
brism.us/qr/142,brism.us-qr-142.png
brism.us/qr/143,brism.us-qr-143.png
brism.us/qr/144,brism.us-qr-144.png
brism.us/qr/145,brism.us-qr-145.png
brism.us/qr/146,brism.us-qr-146.png
brism.us/qr/147,brism.us-qr-147.png
brism.us/qr/148,brism.us-qr-148.png
brism.us/qr/149,brism.us-qr-149.png
brism.us/qr/150,brism.us-qr-150.png
brism.us/qr/151,brism.us-qr-151.png
brism.us/qr/152,brism.us-qr-152.png
brism.us/qr/153,brism.us-qr-153.png
brism.us/qr/154,brism.us-qr-154.png
brism.us/qr/155,brism.us-qr-155.png
brism.us/qr/156,brism.us-qr-156.png
brism.us/qr/157,brism.us-qr-157.png
brism.us/qr/158,brism.us-qr-158.png
brism.us/qr/159,brism.us-qr-159.png
brism.us/qr/160,brism.us-qr-160.png
brism.us/qr/161,brism.us-qr-161.png
brism.us/qr/162,brism.us-qr-162.png
brism.us/qr/163,brism.us-qr-163.png
brism.us/qr/164,brism.us-qr-164.png
brism.us/qr/165,brism.us-qr-165.png
brism.us/qr/166,brism.us-qr-166.png
brism.us/qr/167,brism.us-qr-167.png
brism.us/qr/168,brism.us-qr-168.png
brism.us/qr/169,brism.us-qr-169.png
brism.us/qr/170,brism.us-qr-170.png
brism.us/qr/171,brism.us-qr-171.png
brism.us/qr/172,brism.us-qr-172.png
brism.us/qr/173,brism.us-qr-173.png
brism.us/qr/174,brism.us-qr-174.png
brism.us/qr/175,brism.us-qr-175.png
brism.us/qr/176,brism.us-qr-176.png
brism.us/qr/177,brism.us-qr-177.png
brism.us/qr/178,brism.us-qr-178.png
brism.us/qr/179,brism.us-qr-179.png
brism.us/qr/180,brism.us-qr-180.png
brism.us/qr/181,brism.us-qr-181.png
brism.us/qr/182,brism.us-qr-182.png
brism.us/qr/183,brism.us-qr-183.png
brism.us/qr/184,brism.us-qr-184.png
brism.us/qr/185,brism.us-qr-185.png
brism.us/qr/186,brism.us-qr-186.png
brism.us/qr/187,brism.us-qr-187.png
brism.us/qr/188,brism.us-qr-188.png
brism.us/qr/189,brism.us-qr-189.png
brism.us/qr/190,brism.us-qr-190.png
brism.us/qr/191,brism.us-qr-191.png
brism.us/qr/192,brism.us-qr-192.png
brism.us/qr/193,brism.us-qr-193.png
brism.us/qr/194,brism.us-qr-194.png
brism.us/qr/195,brism.us-qr-195.png
brism.us/qr/196,brism.us-qr-196.png
brism.us/qr/197,brism.us-qr-197.png
brism.us/qr/198,brism.us-qr-198.png
brism.us/qr/199,brism.us-qr-199.png